{
    "content_scripts": [], 
    "description": "HRP Resume plugin", 
    "creator": "makeit", 
    "framework_version": "1.8.0 3dc957b83b36", 
    "background_scripts": [
        "main.js"
    ], 
    "homepage_url": "http://hrp.by", 
    "version": "0.0.1", 
    "framework_package_id": "dev", 
    "browser_button": {
        "caption": "HRP", 
        "tooltipText": "HRP", 
        "icon": "icons/hrp-logo-48.png"
    }, 
    "id": "{A4B34C11-B729-460F-A97C-CB32E8AFDA51}", 
    "name": "hrp"
}